{"count":1,"self":275.2929792,"total":278.3665244,"children":{"InitializeActuators":{"count":1,"self":0.0019947999999999997,"total":0.0019947999999999997,"children":null},"InitializeSensors":{"count":1,"self":0.0020263,"total":0.0020263,"children":null},"AgentSendState":{"count":13673,"self":0.051294799999999995,"total":0.12029809999999999,"children":{"CollectObservations":{"count":2735,"self":0.026598499999999997,"total":0.026598499999999997,"children":null},"WriteActionMask":{"count":2735,"self":0.010825699999999999,"total":0.010825699999999999,"children":null},"RequestDecision":{"count":2735,"self":0.0315791,"total":0.0315791,"children":null}}},"DecideAction":{"count":13673,"self":2.8266291999999997,"total":2.8266291,"children":null},"AgentAct":{"count":13673,"self":0.1215935,"total":0.1215935,"children":null}},"gauges":{"EnemyWall2.CumulativeReward":{"count":98,"max":1.15079927,"min":-1.0208,"runningAverage":-0.4165022,"value":-0.939600468,"weightedAverage":-0.5543043}},"metadata":{"timer_format_version":"0.1.0","start_time_seconds":"1687309301","unity_version":"2021.3.19f1","command_line_arguments":"C:\\Program Files\\Unity\\Hub\\Editor\\2021.3.19f1\\Editor\\Unity.exe -projectpath D:\\GitHub\\ML_Agent_Project -useHub -hubIPC -cloudEnvironment production -licensingIpc LicenseClient-USER -hubSessionId a5b97026-08ed-4586-9f44-4936a5d9ad6a -accessToken _CVOBYoics128CfuX3UL_Bacnmvj67XmMMEX2GO8Hsw00df","communication_protocol_version":"1.5.0","com.unity.ml-agents_version":"2.0.0-exp.1","scene_name":"SampleScene","end_time_seconds":"1687309579"}}