{"count":1,"self":384.25121279999996,"total":1492.7400003,"children":{"InitializeActuators":{"count":18,"self":0.0029922,"total":0.0029922,"children":null},"InitializeSensors":{"count":18,"self":0.0039897,"total":0.0039897,"children":null},"AgentSendState":{"count":277801,"self":8.5916944,"total":30.626671299999998,"children":{"CollectObservations":{"count":1000098,"self":2.538741,"total":2.538741,"children":null},"WriteActionMask":{"count":1000098,"self":1.3872921999999999,"total":1.3872921999999999,"children":null},"RequestDecision":{"count":1000098,"self":7.7782751999999995,"total":18.1089441,"children":{"AgentInfo.ToProto":{"count":500049,"self":3.6366175999999997,"total":10.330669199999999,"children":{"GenerateSensorData":{"count":500049,"self":6.6940516,"total":6.6940516999999993,"children":null}}}}}}},"DecideAction":{"count":277801,"self":1061.7948159999999,"total":1061.7947744,"children":null},"AgentAct":{"count":277801,"self":16.05736,"total":16.058358,"children":{"AgentInfo.ToProto":{"count":55,"self":0.00099739999999999985,"total":0.00099739999999999985,"children":{"GenerateSensorData":{"count":55,"self":0,"total":0,"children":null}}}}}},"gauges":{"EnemyWall.CumulativeReward":{"count":16639,"max":3.95811963,"min":-1.71757889,"runningAverage":-0.389820069,"value":-0.9408004,"weightedAverage":-0.636531234},"PlayerWall.CumulativeReward":{"count":55,"max":29.8989639,"min":-3.40007,"runningAverage":12.9724216,"value":17.8990726,"weightedAverage":14.0980558}},"metadata":{"timer_format_version":"0.1.0","start_time_seconds":"1686882663","unity_version":"2021.3.19f1","command_line_arguments":"C:\\Program Files\\Unity\\Hub\\Editor\\2021.3.19f1\\Editor\\Unity.exe -projectpath D:\\GitHub\\ML_Agent_Project -useHub -hubIPC -cloudEnvironment production -licensingIpc LicenseClient-USER -hubSessionId e0b07acb-4599-473c-8459-2f96324b9bad -accessToken rQQ7cmGFNayCCa2-m5XV7pa2kYXHYZEDLWWfS9Neoio00df","communication_protocol_version":"1.5.0","com.unity.ml-agents_version":"2.0.0-exp.1","scene_name":"SampleScene","end_time_seconds":"1686884155"}}